--시퀀스 삭제
DROP SEQUENCE BBS_SEQ;
DROP SEQUENCE ACCESS_LOG_SEQ;
DROP SEQUENCE GALLERY_SEQ;
DROP SEQUENCE TBL_LIKE_SEQ;
DROP SEQUENCE TBL_COMMENT_SEQ;
DROP SEQUENCE RETIRE_USERS_SEQ;
DROP SEQUENCE SLEEP_USERS_SEQ;
DROP SEQUENCE ATTACH_SEQ;
DROP SEQUENCE UPLOAD_SEQ;
DROP SEQUENCE BLOG_SEQ;
DROP SEQUENCE COMMENTS_SEQ;
DROP SEQUENCE USERS_SEQ;

-- 시퀀스 생성
CREATE SEQUENCE BBS_SEQ NOCACHE;
CREATE SEQUENCE ACCESS_LOG_SEQ NOCACHE;
CREATE SEQUENCE GALLERY_SEQ NOCACHE;
CREATE SEQUENCE TBL_LIKE_SEQ NOCACHE;
CREATE SEQUENCE TBL_COMMENT_SEQ NOCACHE;
CREATE SEQUENCE RETIRE_USERS_SEQ NOCACHE;
CREATE SEQUENCE SLEEP_USERS_SEQ NOCACHE;
CREATE SEQUENCE ATTACH_SEQ NOCACHE;
CREATE SEQUENCE UPLOAD_SEQ NOCACHE;
CREATE SEQUENCE BLOG_SEQ NOCACHE;
CREATE SEQUENCE COMMENTS_SEQ NOCACHE;
CREATE SEQUENCE USERS_SEQ NOCACHE;

-- 테이블 삭제
DROP TABLE TBL_COMMENT;
DROP TABLE TBL_LIKE;
DROP TABLE SUMMERNOTE_IMAGE;
DROP TABLE GALLERY;
DROP TABLE ATTACH CASCADE CONSTRAINTS;
DROP TABLE UPLOAD CASCADE CONSTRAINTS;
DROP TABLE SLEEP_USERS;
DROP TABLE RETIRE_USERS;
DROP TABLE BBS;
DROP TABLE ACCESS_LOG;
DROP TABLE USERS;

-- 테이블 생성

-- 유저
CREATE TABLE USERS (
	USER_NO	                NUMBER	            NOT NULL,
	ID	                    VARCHAR2(45 BYTE)	UNIQUE NOT NULL,
	PW	                    VARCHAR2(64 BYTE)	NOT NULL,
	NAME	                VARCHAR2(50 BYTE)	NOT NULL,
	GENDER	                VARCHAR2(2 BYTE)    NOT NULL,
	EMAIL	                VARCHAR2(50 BYTE)	NOT NULL,
	MOBILE	                VARCHAR2(11 BYTE)	NOT NULL,
	BIRTHYEAR	            VARCHAR2(4 BYTE)	NOT NULL,
	BIRTHDAY	                VARCHAR2(4 BYTE)	NOT NULL,
	POSTCODE                	VARCHAR2(5 BYTE)	NULL,
	ROAD_ADDRESS	            VARCHAR2(100 BYTE)	NULL,
	JIBUN_ADDRESS	        VARCHAR2(100 BYTE)	NULL,
	DETAIL_ADDRESS	        VARCHAR2(100 BYTE)	NULL,
	EXTRA_ADDRESS	        VARCHAR2(100 BYTE)	NULL,
	AGREE_CODE	            NUMBER	            NOT NULL,
	SNS_TYPE	                VARCHAR2(10 BYTE)	NULL,
	JOIN_DATE	            DATE	            NOT NULL,
	PW_MODIFY_DATE	        DATE	            NULL,
	INFO_MODIFY_DATE        	DATE	            NULL,
	SESSION_ID	            VARCHAR2(32 BYTE)	NULL,
	SESSION_LIMIT_DATE      	DATE	            NULL,
	POINT	                NUMBER	            DEFAULT 0
);

--로그


CREATE TABLE ACCESS_LOG (
    ID	VARCHAR2(45 BYTE)	NOT NULL UNIQUE,
	ACCESS_LOG_NO	NUMBER	NOT NULL,
	LAST_LOGIN_DATE	DATE	NULL
);



-- 자유게시판
CREATE TABLE BBS (
    BBS_NO NUMBER NOT NULL,
    ID VARCHAR2(45 BYTE) NOT NULL,
    BBS_TITLE  VARCHAR2(1000 BYTE) NOT NULL, 
    CREATE_DATE DATE NOT NULL,
    STATE  NUMBER(1) NOT NULL,  
    DEPTH  NUMBER(2) NOT NULL,  
    GROUP_NO NUMBER NOT NULL, 
    GROUP_ORDER NUMBER NOT NULL,
    BBS_LAST_MODIFY_DATE DATE NOT NULL,
    IP VARCHAR2(30 BYTE) NOT NULL,
    CONSTRAINT PK_BBS PRIMARY KEY(BBS_NO)
);

--탈퇴
CREATE TABLE RETIRE_USERS (
	RETIRE_NO	NUMBER	NOT NULL,
	JOIN_DATE	DATE	NULL,
	RETIRE_DATE	DATE	NULL,
	ID	VARCHAR2(45 BYTE)	NULL
);

--휴면
CREATE TABLE SLEEP_USERS (
	SLEEP_NO	NUMBER	NOT NULL,
	ID	VARCHAR2(45 BYTE)	NULL,
	PW	VARCHAR2(64 BYTE)	NULL,
	NAME	VARCHAR2(50 BYTE)	NULL,
	GENDER	VARCHAR2(2 BYTE)	NULL,
	EMAIL	VARCHAR2(45 BYTE)	NULL,
	MOBILE	VARCHAR2(11 BYTE)	NULL,
	BIRTHYEAR	VARCHAR2(4 BYTE)	NULL,
	BIRTHDAY	VARCHAR2(4 BYTE)	NULL,
	POSTCODE	VARCHAR2(5 BYTE)	NULL,
	ROAD_ADDRESS	VARCHAR2(100 BYTE)	NULL,
	JIBUN_ADDRESS	VARCHAR2(100 BYTE)	NULL,
	DETAIL_ADDRESS	VARCHAR2(100 BYTE)	NULL,
	EXTRA_ADDRESS 	VARCHAR2(100 BYTE),  
	AGREE_CODE	NUMBER	NULL,
	SNS_TYPE	VARCHAR2(10 BYTE)	NULL,
	JOIN_DATE	DATE	NULL,
	PW_MODIFY_DATE	DATE	NULL,
	LAST_LOGIN_DATE	DATE	NULL,
	SLEEP_DATE 	DATE 	NULL,
	POINT		NUMBER	DEFAULT 0
);

--업로드
CREATE TABLE UPLOAD (
	UPLOAD_NO	            NUMBER	            NOT NULL,
	ID	                    VARCHAR2(45 BYTE)	NOT NULL,
	UPLOAD_TITLE	            VARCHAR2(100 BYTE)	NOT NULL,
	UPLOAD_CONTENT	        VARCHAR2(100 BYTE)	NULL,
	UPLOAD_CREATE_DATE	    DATE	            NULL,
	UPLOAD_LAST_MODIFY_DATE	DATE	            NULL,
	UPLOAD_HIT	            NUMBER	            NULL,
	IP	                    VARCHAR2(30 BYTE)	NOT NULL
);

-- 다운로드
CREATE TABLE ATTACH (
	ATTACH_NO	            NUMBER	            NOT NULL,
	UPLOAD_NO	            NUMBER	            NOT NULL,
	ORIGIN	                VARCHAR2(300 BYTE)	NULL,
	FILESYSTEM	            VARCHAR2(40 BYTE)	NULL,
	DOWNLOAD_CNT	            NUMBER	            NULL,
	PATH	                VARCHAR2(300 BYTE)	NULL
);

--갤러리
CREATE TABLE GALLERY (
   GAL_NO                NUMBER,
   ID                    VARCHAR2(45 BYTE)    NOT NULL,
   GAL_TITLE            VARCHAR2(100 BYTE)	  NOT NULL,
   GAL_CONTENT            VARCHAR2(1000 BYTE) NOT NULL,
   GAL_CREATE_DATE     DATE,
   GAL_LAST_MODIFY_DATE DATE,
   GAL_HIT                NUMBER,
   LIKE_COUNT           NUMBER,
   IP                    VARCHAR2(30 BYTE) NOT NULL,
    CONSTRAINT PK_GALLERY PRIMARY KEY (GAL_NO)
);

--갤러리댓글
CREATE TABLE TBL_COMMENT (
   COMMENT_NO                NUMBER NOT NULL,
   GAL_NO                    NUMBER NOT NULL,
   ID                        VARCHAR2(45 BYTE)   NOT NULL,
   COMMENT_TITLE            VARCHAR2(100 BYTE) NOT NULL,
   COMMENT_CREATE_DATE        DATE,
   COMMNET_LAST_MODIFY_DATE DATE,
   IP                        VARCHAR2(30 BYTE) NOT NULL,
    CONSTRAINT PK_COMMENT PRIMARY KEY (COMMENT_NO)
);

--노트
CREATE TABLE SUMMERNOTE_IMAGE
(
    GAL_NO NUMBER,
    FILESYSTEM VARCHAR2(40 BYTE)
);

--좋아요
CREATE TABLE TBL_LIKE (
   LIKE_NO    NUMBER   NOT NULL,
   GAL_NO       NUMBER   NOT NULL,
   ID           VARCHAR2(45 BYTE)   NOT NULL,
   LIKE_DATE   DATE   NULL,
    CONSTRAINT PK_LIKE PRIMARY KEY (LIKE_NO)
);





-- 외래키

ALTER TABLE USERS ADD CONSTRAINT PK_USERS PRIMARY KEY (
	USER_NO
);

ALTER TABLE ACCESS_LOG ADD CONSTRAINT FK_USERS_ACCESS_LOG FOREIGN KEY (ID) REFERENCES USERS (ID) ON DELETE CASCADE;



ALTER TABLE UPLOAD ADD CONSTRAINT PK_UPLOAD PRIMARY KEY(UPLOAD_NO);


ALTER TABLE ATTACH ADD CONSTRAINT PK_ATTACH PRIMARY KEY(ATTACH_NO);


ALTER TABLE UPLOAD ADD CONSTRAINT FK_UPLOAD_USERS FOREIGN KEY(ID)
    REFERENCES USERS(ID) ON DELETE CASCADE;
 
ALTER TABLE ATTACH ADD CONSTRAINT FK_ATTACH_USERS FOREIGN KEY(UPLOAD_NO)
    REFERENCES UPLOAD(UPLOAD_NO) ON DELETE CASCADE;

ALTER TABLE SUMMERNOTE_IMAGE
    ADD CONSTRAINT FK_SUMMERNOTE_GALLERY
        FOREIGN KEY(GAL_NO) REFERENCES GALLERY(GAL_NO)
            ON DELETE CASCADE;

ALTER TABLE SLEEP_USERS ADD CONSTRAINT PK_SLEEP_USERS PRIMARY KEY (
	SLEEP_NO
);

ALTER TABLE RETIRE_USERS ADD CONSTRAINT PK_RETIRE_USERS PRIMARY KEY (
	RETIRE_NO
);

ALTER TABLE GALLERY
    ADD CONSTRAINT FK_GALLERY_USERS
        FOREIGN KEY(ID) REFERENCES USERS(ID)
            ON DELETE CASCADE;

ALTER TABLE TBL_COMMENT
    ADD CONSTRAINT FK_COMMENT_GALLERY
        FOREIGN KEY(GAL_NO) REFERENCES GALLERY(GAL_NO)
            ON DELETE CASCADE;

ALTER TABLE TBL_COMMENT
    ADD CONSTRAINT FK_COMMENT_USERS
        FOREIGN KEY(ID) REFERENCES USERS(ID)
            ON DELETE CASCADE;

ALTER TABLE TBL_LIKE
    ADD CONSTRAINT FK_LIKE_GALLERY
        FOREIGN KEY(GAL_NO) REFERENCES GALLERY(GAL_NO)
            ON DELETE CASCADE;

ALTER TABLE TBL_LIKE
    ADD CONSTRAINT FK_LIKE_USERS
        FOREIGN KEY(ID) REFERENCES USERS(ID)
            ON DELETE CASCADE;

ALTER TABLE BBS
    ADD CONSTRAINT FK_BBS
        FOREIGN KEY(ID) REFERENCES USERS(ID)
            ON DELETE CASCADE;

 INSERT INTO USERS
	 (USER_NO, ID, PW, NAME, GENDER, EMAIL, MOBILE, BIRTHYEAR, BIRTHDAY, AGREE_CODE, JOIN_DATE)
 VALUES
	 (USERS_SEQ.NEXTVAL, 'admin', ' FFE1ABD1A 8215353C233D6E0 9613E95EEC4253832A761AF28FF37AC5A15 C', '관리자', 'M', 'admin@semi.com', '01011111111', '1990', '1010', '3', SYSDATE);



-- 기초데이터 : 유저


     
INSERT INTO USERS
	 (USER_NO, ID, PW, NAME, GENDER, EMAIL, MOBILE, BIRTHYEAR, BIRTHDAY, AGREE_CODE, JOIN_DATE)
 VALUES
	 (USERS_SEQ.NEXTVAL, 'user1', ' FFE1ABD1A 8215353C233D6E0 9613E95EEC4253832A761AF28FF37AC5A15 C', '민홍기', 'M', 'min@semi.com', '01011111111', '1986', '1110', '3', SYSDATE);

INSERT INTO USERS
	 (USER_NO, ID, PW, NAME, GENDER, EMAIL, MOBILE, BIRTHYEAR, BIRTHDAY, AGREE_CODE, JOIN_DATE)
 VALUES
	 (USERS_SEQ.NEXTVAL, 'user2', ' FFE1ABD1A 8215353C233D6E0 9613E95EEC4253832A761AF28FF37AC5A15 C', '민홍기', 'M', 'minAA@semi.com', '01011111111', '1986', '1110', '3', SYSDATE);


INSERT INTO USERS
	 (USER_NO, ID, PW, NAME, GENDER, EMAIL, MOBILE, BIRTHYEAR, BIRTHDAY, AGREE_CODE, JOIN_DATE)
 VALUES
	 (USERS_SEQ.NEXTVAL, 'user3', ' FFE1ABD1A 8215353C233D6E0 9613E95EEC4253832A761AF28FF37AC5A15 C', '박혜림', 'M', 'hellen@semi.com', '01011111111', '1995', '0520', '3', SYSDATE);
INSERT INTO USERS
	 (USER_NO, ID, PW, NAME, GENDER, EMAIL, MOBILE, BIRTHYEAR, BIRTHDAY, AGREE_CODE, JOIN_DATE)
 VALUES
	 (USERS_SEQ.NEXTVAL, 'user4', ' FFE1ABD1A 8215353C233D6E0 9613E95EEC4253832A761AF28FF37AC5A15 C', '이하랑', 'M', '2ha@semi.com', '01011111111', '1999', '0302', '3', SYSDATE);
INSERT INTO USERS
	 (USER_NO, ID, PW, NAME, GENDER, EMAIL, MOBILE, BIRTHYEAR, BIRTHDAY, AGREE_CODE, JOIN_DATE)
 VALUES
	 (USERS_SEQ.NEXTVAL, 'user5', ' FFE1ABD1A 8215353C233D6E0 9613E95EEC4253832A761AF28FF37AC5A15 C', '민경태', 'M', 'goodeeit@semi.com', '01011111111', '1966', '0430', '3', SYSDATE);
INSERT INTO USERS
	 (USER_NO, ID, PW, NAME, GENDER, EMAIL, MOBILE, BIRTHYEAR, BIRTHDAY, AGREE_CODE, JOIN_DATE)
 VALUES
	 (USERS_SEQ.NEXTVAL, 'user6', ' FFE1ABD1A 8215353C233D6E0 9613E95EEC4253832A761AF28FF37AC5A15 C', '손흥민', 'M', 'son@semi.com', '01011111111', '1991', '0121', '3', SYSDATE);
INSERT INTO USERS
	 (USER_NO, ID, PW, NAME, GENDER, EMAIL, MOBILE, BIRTHYEAR, BIRTHDAY, AGREE_CODE, JOIN_DATE)
 VALUES
	 (USERS_SEQ.NEXTVAL, 'user7', ' FFE1ABD1A 8215353C233D6E0 9613E95EEC4253832A761AF28FF37AC5A15 C', '고경림', 'M', 'Gogyeong@semi.com', '01011111111', '1989', '0913', '3', SYSDATE);
INSERT INTO USERS
	 (USER_NO, ID, PW, NAME, GENDER, EMAIL, MOBILE, BIRTHYEAR, BIRTHDAY, AGREE_CODE, JOIN_DATE)
 VALUES
	 (USERS_SEQ.NEXTVAL, 'user8', ' FFE1ABD1A 8215353C233D6E0 9613E95EEC4253832A761AF28FF37AC5A15 C', '김다은', 'M', 'Daun@semi.com', '01011111111', '1994', '1212', '3', SYSDATE);
INSERT INTO USERS
	 (USER_NO, ID, PW, NAME, GENDER, EMAIL, MOBILE, BIRTHYEAR, BIRTHDAY, AGREE_CODE, JOIN_DATE)
 VALUES
	 (USERS_SEQ.NEXTVAL, 'user9', ' FFE1ABD1A 8215353C233D6E0 9613E95EEC4253832A761AF28FF37AC5A15 C', '유재석', 'M', 'jsyou@semi.com', '01011111111', '1958', '1111', '3', SYSDATE);
INSERT INTO USERS
	 (USER_NO, ID, PW, NAME, GENDER, EMAIL, MOBILE, BIRTHYEAR, BIRTHDAY, AGREE_CODE, JOIN_DATE)
 VALUES
	 (USERS_SEQ.NEXTVAL, 'user10', ' FFE1ABD1A 8215353C233D6E0 9613E95EEC4253832A761AF28FF37AC5A15 C', '김태성', 'M', 'big_star@semi.com', '01011111111', '1990', '1010', '3', SYSDATE);
INSERT INTO USERS
	 (USER_NO, ID, PW, NAME, GENDER, EMAIL, MOBILE, BIRTHYEAR, BIRTHDAY, AGREE_CODE, JOIN_DATE)
 VALUES
	 (USERS_SEQ.NEXTVAL, 'user11', ' FFE1ABD1A 8215353C233D6E0 9613E95EEC4253832A761AF28FF37AC5A15 C', '문상', 'M', 'cultuerland@semi.com', '01011111111', '1990', '1010', '3', SYSDATE);
INSERT INTO USERS
	 (USER_NO, ID, PW, NAME, GENDER, EMAIL, MOBILE, BIRTHYEAR, BIRTHDAY, AGREE_CODE, JOIN_DATE)
 VALUES
	 (USERS_SEQ.NEXTVAL, 'user12', ' FFE1ABD1A 8215353C233D6E0 9613E95EEC4253832A761AF28FF37AC5A15 C', '주현영', 'M', 'money0@semi.com', '01011111111', '1987', '0229', '3', SYSDATE);
INSERT INTO USERS
	 (USER_NO, ID, PW, NAME, GENDER, EMAIL, MOBILE, BIRTHYEAR, BIRTHDAY, AGREE_CODE, JOIN_DATE)
 VALUES
	 (USERS_SEQ.NEXTVAL, 'user13', ' FFE1ABD1A 8215353C233D6E0 9613E95EEC4253832A761AF28FF37AC5A15 C', '구자경', 'M', '999@semi.com', '01011111111', '1999', '0909', '3', SYSDATE);
INSERT INTO USERS
	 (USER_NO, ID, PW, NAME, GENDER, EMAIL, MOBILE, BIRTHYEAR, BIRTHDAY, AGREE_CODE, JOIN_DATE)
 VALUES
	 (USERS_SEQ.NEXTVAL, 'user14', ' FFE1ABD1A 8215353C233D6E0 9613E95EEC4253832A761AF28FF37AC5A15 C', '송중기', 'M', 'song@semi.com', '01011111111', '1976', '0412', '3', SYSDATE);
INSERT INTO USERS
	 (USER_NO, ID, PW, NAME, GENDER, EMAIL, MOBILE, BIRTHYEAR, BIRTHDAY, AGREE_CODE, JOIN_DATE)
 VALUES
	 (USERS_SEQ.NEXTVAL, 'user15', ' FFE1ABD1A 8215353C233D6E0 9613E95EEC4253832A761AF28FF37AC5A15 C', '조용선', 'M', 'dragonSun@semi.com', '01011111111', '1997', '0222', '3', SYSDATE);
INSERT INTO USERS
	 (USER_NO, ID, PW, NAME, GENDER, EMAIL, MOBILE, BIRTHYEAR, BIRTHDAY, AGREE_CODE, JOIN_DATE)
 VALUES
	 (USERS_SEQ.NEXTVAL, 'user16', ' FFE1ABD1A 8215353C233D6E0 9613E95EEC4253832A761AF28FF37AC5A15 C', '이선재', 'M', 'seonjea@semi.com', '01011111111', '1956', '0902', '3', SYSDATE);
INSERT INTO USERS
	 (USER_NO, ID, PW, NAME, GENDER, EMAIL, MOBILE, BIRTHYEAR, BIRTHDAY, AGREE_CODE, JOIN_DATE)
 VALUES
	 (USERS_SEQ.NEXTVAL, 'user17', ' FFE1ABD1A 8215353C233D6E0 9613E95EEC4253832A761AF28FF37AC5A15 C', '전한길', 'M', '1road@semi.com', '01011111111', '1990', '1010', '3', SYSDATE);
INSERT INTO USERS
	 (USER_NO, ID, PW, NAME, GENDER, EMAIL, MOBILE, BIRTHYEAR, BIRTHDAY, AGREE_CODE, JOIN_DATE)
 VALUES
	 (USERS_SEQ.NEXTVAL, 'user18', ' FFE1ABD1A 8215353C233D6E0 9613E95EEC4253832A761AF28FF37AC5A15 C', '조태정', 'M', 'chioteajeong@semi.com', '01011111111', '1990', '1010', '3', SYSDATE);
INSERT INTO USERS
	 (USER_NO, ID, PW, NAME, GENDER, EMAIL, MOBILE, BIRTHYEAR, BIRTHDAY, AGREE_CODE, JOIN_DATE)
 VALUES
	 (USERS_SEQ.NEXTVAL, 'user19', ' FFE1ABD1A 8215353C233D6E0 9613E95EEC4253832A761AF28FF37AC5A15 C', '김일구', 'M', '19@semi.com', '01011111111', '1990', '1010', '3', SYSDATE);
INSERT INTO USERS
	 (USER_NO, ID, PW, NAME, GENDER, EMAIL, MOBILE, BIRTHYEAR, BIRTHDAY, AGREE_CODE, JOIN_DATE)
 VALUES
	 (USERS_SEQ.NEXTVAL, 'user20', ' FFE1ABD1A 8215353C233D6E0 9613E95EEC4253832A761AF28FF37AC5A15 C', '나이공', 'M', '20@semi.com', '01011111111', '1990', '1010', '3', SYSDATE);
INSERT INTO USERS
	 (USER_NO, ID, PW, NAME, GENDER, EMAIL, MOBILE, BIRTHYEAR, BIRTHDAY, AGREE_CODE, JOIN_DATE)
 VALUES
	 (USERS_SEQ.NEXTVAL, 'user21', ' FFE1ABD1A 8215353C233D6E0 9613E95EEC4253832A761AF28FF37AC5A15 C', '다이일', 'M', '21@semi.com', '01011111111', '1990', '1010', '3', SYSDATE);
 INSERT INTO USERS
	 (USER_NO, ID, PW, NAME, GENDER, EMAIL, MOBILE, BIRTHYEAR, BIRTHDAY, AGREE_CODE, JOIN_DATE)
 VALUES
	 (USERS_SEQ.NEXTVAL, 'user22', ' FFE1ABD1A 8215353C233D6E0 9613E95EEC4253832A761AF28FF37AC5A15 C', '라이이', 'M', '22@semi.com', '01011111111', '1990', '1010', '3', SYSDATE);    
INSERT INTO USERS
	 (USER_NO, ID, PW, NAME, GENDER, EMAIL, MOBILE, BIRTHYEAR, BIRTHDAY, AGREE_CODE, JOIN_DATE)
 VALUES
	 (USERS_SEQ.NEXTVAL, 'user23', ' FFE1ABD1A 8215353C233D6E0 9613E95EEC4253832A761AF28FF37AC5A15 C', '마둘삼', 'M', '23@semi.com', '01011111111', '1990', '1010', '3', SYSDATE);
INSERT INTO USERS
	 (USER_NO, ID, PW, NAME, GENDER, EMAIL, MOBILE, BIRTHYEAR, BIRTHDAY, AGREE_CODE, JOIN_DATE)
 VALUES
	 (USERS_SEQ.NEXTVAL, 'user24', ' FFE1ABD1A 8215353C233D6E0 9613E95EEC4253832A761AF28FF37AC5A15 C', '바이넷', 'M', '24@semi.com', '01011111111', '1990', '1010', '3', SYSDATE);
INSERT INTO USERS
	 (USER_NO, ID, PW, NAME, GENDER, EMAIL, MOBILE, BIRTHYEAR, BIRTHDAY, AGREE_CODE, JOIN_DATE)
 VALUES
	 (USERS_SEQ.NEXTVAL, 'user25', ' FFE1ABD1A 8215353C233D6E0 9613E95EEC4253832A761AF28FF37AC5A15 C', '사이오', 'M', '25@semi.com', '01011111111', '1990', '1010', '3', SYSDATE);
INSERT INTO USERS
	 (USER_NO, ID, PW, NAME, GENDER, EMAIL, MOBILE, BIRTHYEAR, BIRTHDAY, AGREE_CODE, JOIN_DATE)
 VALUES
	 (USERS_SEQ.NEXTVAL, 'user26', ' FFE1ABD1A 8215353C233D6E0 9613E95EEC4253832A761AF28FF37AC5A15 C', '아이유', 'M', '26@semi.com', '01011111111', '1990', '1010', '3', SYSDATE);
INSERT INTO USERS
	 (USER_NO, ID, PW, NAME, GENDER, EMAIL, MOBILE, BIRTHYEAR, BIRTHDAY, AGREE_CODE, JOIN_DATE)
 VALUES
	 (USERS_SEQ.NEXTVAL, 'user27', ' FFE1ABD1A 8215353C233D6E0 9613E95EEC4253832A761AF28FF37AC5A15 C', '자이칠', 'M', '27@semi.com', '01011111111', '1990', '1010', '3', SYSDATE);
INSERT INTO USERS
	 (USER_NO, ID, PW, NAME, GENDER, EMAIL, MOBILE, BIRTHYEAR, BIRTHDAY, AGREE_CODE, JOIN_DATE)
 VALUES
	 (USERS_SEQ.NEXTVAL, 'user28', ' FFE1ABD1A 8215353C233D6E0 9613E95EEC4253832A761AF28FF37AC5A15 C', '차이팔', 'M', '28@semi.com', '01011111111', '1990', '1010', '3', SYSDATE);
INSERT INTO USERS
	 (USER_NO, ID, PW, NAME, GENDER, EMAIL, MOBILE, BIRTHYEAR, BIRTHDAY, AGREE_CODE, JOIN_DATE)
 VALUES
	 (USERS_SEQ.NEXTVAL, 'user98', ' FFE1ABD1A 8215353C233D6E0 9613E95EEC4253832A761AF28FF37AC5A15 C', '카구팔', 'M', 'k-98@semi.com', '01011111111', '1990', '1010', '3', SYSDATE);
INSERT INTO USERS
	 (USER_NO, ID, PW, NAME, GENDER, EMAIL, MOBILE, BIRTHYEAR, BIRTHDAY, AGREE_CODE, JOIN_DATE)
 VALUES
	 (USERS_SEQ.NEXTVAL, 'user30', ' FFE1ABD1A 8215353C233D6E0 9613E95EEC4253832A761AF28FF37AC5A15 C', '타삼공', 'M', '30@semi.com', '01011111111', '1990', '1010', '3', SYSDATE);
INSERT INTO USERS
	 (USER_NO, ID, PW, NAME, GENDER, EMAIL, MOBILE, BIRTHYEAR, BIRTHDAY, AGREE_CODE, JOIN_DATE)
 VALUES
	 (USERS_SEQ.NEXTVAL, 'user31', ' FFE1ABD1A 8215353C233D6E0 9613E95EEC4253832A761AF28FF37AC5A15 C', '파삼일', 'M', '31@semi.com', '01011111111', '1990', '1010', '3', SYSDATE);
INSERT INTO USERS
	 (USER_NO, ID, PW, NAME, GENDER, EMAIL, MOBILE, BIRTHYEAR, BIRTHDAY, AGREE_CODE, JOIN_DATE)
 VALUES
	 (USERS_SEQ.NEXTVAL, 'user32', ' FFE1ABD1A 8215353C233D6E0 9613E95EEC4253832A761AF28FF37AC5A15 C', '하세시', 'M', '32@semi.com', '01011111111', '1990', '1010', '3', SYSDATE);
INSERT INTO USERS
	 (USER_NO, ID, PW, NAME, GENDER, EMAIL, MOBILE, BIRTHYEAR, BIRTHDAY, AGREE_CODE, JOIN_DATE)
 VALUES
	 (USERS_SEQ.NEXTVAL, 'user33', ' FFE1ABD1A 8215353C233D6E0 9613E95EEC4253832A761AF28FF37AC5A15 C', '고셋셋', 'M', '33@semi.com', '01011111111', '1990', '1010', '3', SYSDATE);
INSERT INTO USERS
	 (USER_NO, ID, PW, NAME, GENDER, EMAIL, MOBILE, BIRTHYEAR, BIRTHDAY, AGREE_CODE, JOIN_DATE)
 VALUES
	 (USERS_SEQ.NEXTVAL, 'user34', ' FFE1ABD1A 8215353C233D6E0 9613E95EEC4253832A761AF28FF37AC5A15 C', '노삼넷', 'M', '34@semi.com', '01011111111', '1990', '1010', '3', SYSDATE);
INSERT INTO USERS
	 (USER_NO, ID, PW, NAME, GENDER, EMAIL, MOBILE, BIRTHYEAR, BIRTHDAY, AGREE_CODE, JOIN_DATE)
 VALUES
	 (USERS_SEQ.NEXTVAL, 'user35', ' FFE1ABD1A 8215353C233D6E0 9613E95EEC4253832A761AF28FF37AC5A15 C', '도석오', 'M', '35@semi.com', '01011111111', '1990', '1010', '3', SYSDATE);
INSERT INTO USERS
	 (USER_NO, ID, PW, NAME, GENDER, EMAIL, MOBILE, BIRTHYEAR, BIRTHDAY, AGREE_CODE, JOIN_DATE)
 VALUES
	 (USERS_SEQ.NEXTVAL, 'user36', ' FFE1ABD1A 8215353C233D6E0 9613E95EEC4253832A761AF28FF37AC5A15 C', '로석육', 'M', '36@semi.com', '01011111111', '1990', '1010', '3', SYSDATE);
INSERT INTO USERS
	 (USER_NO, ID, PW, NAME, GENDER, EMAIL, MOBILE, BIRTHYEAR, BIRTHDAY, AGREE_CODE, JOIN_DATE)
 VALUES
	 (USERS_SEQ.NEXTVAL, 'user37', ' FFE1ABD1A 8215353C233D6E0 9613E95EEC4253832A761AF28FF37AC5A15 C', '모삼칠', 'M', '37@semi.com', '01011111111', '1990', '1010', '3', SYSDATE);
INSERT INTO USERS
	 (USER_NO, ID, PW, NAME, GENDER, EMAIL, MOBILE, BIRTHYEAR, BIRTHDAY, AGREE_CODE, JOIN_DATE)
 VALUES
	 (USERS_SEQ.NEXTVAL, 'user38', ' FFE1ABD1A 8215353C233D6E0 9613E95EEC4253832A761AF28FF37AC5A15 C', '소석팔', 'M', '38@semi.com', '01011111111', '1990', '1010', '3', SYSDATE);
INSERT INTO USERS
	 (USER_NO, ID, PW, NAME, GENDER, EMAIL, MOBILE, BIRTHYEAR, BIRTHDAY, AGREE_CODE, JOIN_DATE)
 VALUES
	 (USERS_SEQ.NEXTVAL, 'user39', ' FFE1ABD1A 8215353C233D6E0 9613E95EEC4253832A761AF28FF37AC5A15 C', '오석구', 'M', '39@semi.com', '01011111111', '1990', '1010', '3', SYSDATE);
INSERT INTO USERS
	 (USER_NO, ID, PW, NAME, GENDER, EMAIL, MOBILE, BIRTHYEAR, BIRTHDAY, AGREE_CODE, JOIN_DATE)
 VALUES
	 (USERS_SEQ.NEXTVAL, 'user40', ' FFE1ABD1A 8215353C233D6E0 9613E95EEC4253832A761AF28FF37AC5A15 C', '조사공', 'M', '40@semi.com', '01011111111', '1990', '1010', '3', SYSDATE);
INSERT INTO USERS
	 (USER_NO, ID, PW, NAME, GENDER, EMAIL, MOBILE, BIRTHYEAR, BIRTHDAY, AGREE_CODE, JOIN_DATE)
 VALUES
	 (USERS_SEQ.NEXTVAL, 'user41', ' FFE1ABD1A 8215353C233D6E0 9613E95EEC4253832A761AF28FF37AC5A15 C', '초넷일', 'M', '41@semi.com', '01011111111', '1990', '1010', '3', SYSDATE);
COMMIT;

-- 갤러리 게시판 
INSERT INTO GALLERY
    (GAL_NO, ID, GAL_TITLE, GAL_CONTENT, GAL_CREATE_DATE, GAL_HIT, LIKE_COUNT, IP)
VALUES
    (GALLERY_SEQ.NEXTVAL, 'admin', '공지사항', '공지입니다.', SYSDATE, 0, 0, '127.0.0.0.1');
INSERT INTO GALLERY
    (GAL_NO, ID, GAL_TITLE, GAL_CONTENT, GAL_CREATE_DATE, GAL_HIT, LIKE_COUNT, IP)
VALUES
    (GALLERY_SEQ.NEXTVAL, 'user1', '2022 월드컵', '1111.', SYSDATE, 0, 0, '127.0.0.0.1');
INSERT INTO GALLERY
    (GAL_NO, ID, GAL_TITLE, GAL_CONTENT, GAL_CREATE_DATE, GAL_HIT, LIKE_COUNT, IP)
VALUES
    (GALLERY_SEQ.NEXTVAL, 'user1', '이겨라', '22222.', SYSDATE, 0, 0, '127.0.0.0.1');
INSERT INTO GALLERY
    (GAL_NO, ID, GAL_TITLE, GAL_CONTENT, GAL_CREATE_DATE, GAL_HIT, LIKE_COUNT, IP)
VALUES
    (GALLERY_SEQ.NEXTVAL, 'user1', '쓰리잡', '33333.', SYSDATE, 0, 0, '127.0.0.0.1');
INSERT INTO GALLERY
    (GAL_NO, ID, GAL_TITLE, GAL_CONTENT, GAL_CREATE_DATE, GAL_HIT, LIKE_COUNT, IP)
VALUES
    (GALLERY_SEQ.NEXTVAL, 'user1', '곱창', '맛있다.', SYSDATE, 0, 0, '127.0.0.0.1');
INSERT INTO GALLERY
    (GAL_NO, ID, GAL_TITLE, GAL_CONTENT, GAL_CREATE_DATE, GAL_HIT, LIKE_COUNT, IP)
VALUES
    (GALLERY_SEQ.NEXTVAL, 'user2', '두루치기', '요앞에서 판다..', SYSDATE, 0, 0, '127.0.0.0.1');
INSERT INTO GALLERY
    (GAL_NO, ID, GAL_TITLE, GAL_CONTENT, GAL_CREATE_DATE, GAL_HIT, LIKE_COUNT, IP)
VALUES
    (GALLERY_SEQ.NEXTVAL, 'user2', '관리자 힘드네;', '힘듬.', SYSDATE, 0, 0, '127.0.0.0.1');
INSERT INTO GALLERY
    (GAL_NO, ID, GAL_TITLE, GAL_CONTENT, GAL_CREATE_DATE, GAL_HIT, LIKE_COUNT, IP)
VALUES
    (GALLERY_SEQ.NEXTVAL, 'user2', '갤러리ㅋㅋㅋ', '아.', SYSDATE, 0, 0, '127.0.0.0.1');
INSERT INTO GALLERY
    (GAL_NO, ID, GAL_TITLE, GAL_CONTENT, GAL_CREATE_DATE, GAL_HIT, LIKE_COUNT, IP)
VALUES
    (GALLERY_SEQ.NEXTVAL, 'user2', '유저', '로그인.', SYSDATE, 0, 0, '127.0.0.0.1');
INSERT INTO GALLERY
    (GAL_NO, ID, GAL_TITLE, GAL_CONTENT, GAL_CREATE_DATE, GAL_HIT, LIKE_COUNT, IP)
VALUES
    (GALLERY_SEQ.NEXTVAL, 'user2', '자게 어떻게 만드나요', 'ㅜㅠㅠㅠ.', SYSDATE, 0, 0, '127.0.0.0.1');
INSERT INTO GALLERY
    (GAL_NO, ID, GAL_TITLE, GAL_CONTENT, GAL_CREATE_DATE, GAL_HIT, LIKE_COUNT, IP)
VALUES
    (GALLERY_SEQ.NEXTVAL, 'user3', '업로드', '잘 됩니다!.', SYSDATE, 0, 0, '127.0.0.0.1');
INSERT INTO GALLERY
    (GAL_NO, ID, GAL_TITLE, GAL_CONTENT, GAL_CREATE_DATE, GAL_HIT, LIKE_COUNT, IP)
VALUES
    (GALLERY_SEQ.NEXTVAL, 'user3', '2022 월드컵', '1111.', SYSDATE, 0, 0, '127.0.0.0.1');
INSERT INTO GALLERY
    (GAL_NO, ID, GAL_TITLE, GAL_CONTENT, GAL_CREATE_DATE, GAL_HIT, LIKE_COUNT, IP)
VALUES
    (GALLERY_SEQ.NEXTVAL, 'user3', '이겨라', '22222.', SYSDATE, 0, 0, '127.0.0.0.1');
INSERT INTO GALLERY
    (GAL_NO, ID, GAL_TITLE, GAL_CONTENT, GAL_CREATE_DATE, GAL_HIT, LIKE_COUNT, IP)
VALUES
    (GALLERY_SEQ.NEXTVAL, 'user3', '쓰리잡', '33333.', SYSDATE, 0, 0, '127.0.0.0.1');
INSERT INTO GALLERY
    (GAL_NO, ID, GAL_TITLE, GAL_CONTENT, GAL_CREATE_DATE, GAL_HIT, LIKE_COUNT, IP)
VALUES
    (GALLERY_SEQ.NEXTVAL, 'user3', '곱창', '맛있다.', SYSDATE, 0, 0, '127.0.0.0.1');
INSERT INTO GALLERY
    (GAL_NO, ID, GAL_TITLE, GAL_CONTENT, GAL_CREATE_DATE, GAL_HIT, LIKE_COUNT, IP)
VALUES
    (GALLERY_SEQ.NEXTVAL, 'user4', '두루치기', '요앞에서 판다..', SYSDATE, 0, 0, '127.0.0.0.1');
INSERT INTO GALLERY
    (GAL_NO, ID, GAL_TITLE, GAL_CONTENT, GAL_CREATE_DATE, GAL_HIT, LIKE_COUNT, IP)
VALUES
    (GALLERY_SEQ.NEXTVAL, 'user4', '회원만 2주 ㅠㅠㅠㅠ', '힘듬.', SYSDATE, 0, 0, '127.0.0.0.1');
INSERT INTO GALLERY
    (GAL_NO, ID, GAL_TITLE, GAL_CONTENT, GAL_CREATE_DATE, GAL_HIT, LIKE_COUNT, IP)
VALUES
    (GALLERY_SEQ.NEXTVAL, 'user4', '맞아요!', '아.', SYSDATE, 0, 0, '127.0.0.0.1');
INSERT INTO GALLERY
    (GAL_NO, ID, GAL_TITLE, GAL_CONTENT, GAL_CREATE_DATE, GAL_HIT, LIKE_COUNT, IP)
VALUES
    (GALLERY_SEQ.NEXTVAL, 'user4', '힘들었어요', '네.', SYSDATE, 0, 0, '127.0.0.0.1');
INSERT INTO GALLERY
    (GAL_NO, ID, GAL_TITLE, GAL_CONTENT, GAL_CREATE_DATE, GAL_HIT, LIKE_COUNT, IP)
VALUES
    (GALLERY_SEQ.NEXTVAL, 'user4', '오늘 밤 새려했어요...', 'ㅜㅠㅠㅠ.', SYSDATE, 0, 0, '127.0.0.0.1');
INSERT INTO GALLERY
    (GAL_NO, ID, GAL_TITLE, GAL_CONTENT, GAL_CREATE_DATE, GAL_HIT, LIKE_COUNT, IP)
VALUES
    (GALLERY_SEQ.NEXTVAL, 'user5', '결국 안 못 새셨??', '꿀잠은 포기 못하지', SYSDATE, 0, 0, '127.0.0.0.1');
INSERT INTO GALLERY
    (GAL_NO, ID, GAL_TITLE, GAL_CONTENT, GAL_CREATE_DATE, GAL_HIT, LIKE_COUNT, IP)
VALUES
    (GALLERY_SEQ.NEXTVAL, 'user5', '꿀잠은 포기 못 해', '1111.', SYSDATE, 0, 0, '127.0.0.0.1');
INSERT INTO GALLERY
    (GAL_NO, ID, GAL_TITLE, GAL_CONTENT, GAL_CREATE_DATE, GAL_HIT, LIKE_COUNT, IP)
VALUES
    (GALLERY_SEQ.NEXTVAL, 'user5', '갑자기 기능이 안 돼서 서비스 종료합니다.', '22222.', SYSDATE, 0, 0, '127.0.0.0.1');
INSERT INTO GALLERY
    (GAL_NO, ID, GAL_TITLE, GAL_CONTENT, GAL_CREATE_DATE, GAL_HIT, LIKE_COUNT, IP)
VALUES
    (GALLERY_SEQ.NEXTVAL, 'user5', '?????', '?????.', SYSDATE, 0, 0, '127.0.0.0.1');
INSERT INTO GALLERY
    (GAL_NO, ID, GAL_TITLE, GAL_CONTENT, GAL_CREATE_DATE, GAL_HIT, LIKE_COUNT, IP)
VALUES
    (GALLERY_SEQ.NEXTVAL, 'user5', '로그인 빡세요', '흑흑.', SYSDATE, 0, 0, '127.0.0.0.1');
INSERT INTO GALLERY
    (GAL_NO, ID, GAL_TITLE, GAL_CONTENT, GAL_CREATE_DATE, GAL_HIT, LIKE_COUNT, IP)
VALUES
    (GALLERY_SEQ.NEXTVAL, 'user5', '사실 자게가 더 빡셈', '어.. 아닌가?..', SYSDATE, 0, 0, '127.0.0.0.1');
INSERT INTO GALLERY
    (GAL_NO, ID, GAL_TITLE, GAL_CONTENT, GAL_CREATE_DATE, GAL_HIT, LIKE_COUNT, IP)
VALUES
    (GALLERY_SEQ.NEXTVAL, 'user6', '다들 힘내세요!', '화이팅.', SYSDATE, 0, 0, '127.0.0.0.1');
INSERT INTO GALLERY
    (GAL_NO, ID, GAL_TITLE, GAL_CONTENT, GAL_CREATE_DATE, GAL_HIT, LIKE_COUNT, IP)
VALUES
    (GALLERY_SEQ.NEXTVAL, 'user6', '이제 된다!', '아.', SYSDATE, 0, 0, '127.0.0.0.1');
INSERT INTO GALLERY
    (GAL_NO, ID, GAL_TITLE, GAL_CONTENT, GAL_CREATE_DATE, GAL_HIT, LIKE_COUNT, IP)
VALUES
    (GALLERY_SEQ.NEXTVAL, 'user6', '그거 내가 고쳐줌ㅋ', '하하', SYSDATE, 0, 0, '127.0.0.0.1');
INSERT INTO GALLERY
    (GAL_NO, ID, GAL_TITLE, GAL_CONTENT, GAL_CREATE_DATE, GAL_HIT, LIKE_COUNT, IP)
VALUES
    (GALLERY_SEQ.NEXTVAL, 'user6', '어쩃든 지금은 된다. 히히', 'ㅎㅎㅎㅎㅎ.', SYSDATE, 0, 0, '127.0.0.0.1');
COMMIT;

-- 업로드 게시판 기초데이터
INSERT INTO UPLOAD
    (UPLOAD_NO, ID, UPLOAD_TITLE, UPLOAD_CONTENT, UPLOAD_CREATE_DATE, UPLOAD_HIT, IP)
VALUES
    (UPLOAD_SEQ.NEXTVAL, 'admin', '기초데이터 입니다. 순서대로 작성해주세요.', '0', SYSDATE, 0, '127.0.0.0.1');
INSERT INTO UPLOAD
    (UPLOAD_NO, ID, UPLOAD_TITLE, UPLOAD_CONTENT, UPLOAD_CREATE_DATE, UPLOAD_HIT, IP)
VALUES
    (UPLOAD_SEQ.NEXTVAL, 'user1', '기초데이터 입니다.', '0', SYSDATE, 0, '127.0.0.0.1');
INSERT INTO UPLOAD
    (UPLOAD_NO, ID, UPLOAD_TITLE, UPLOAD_CONTENT, UPLOAD_CREATE_DATE, UPLOAD_HIT, IP)
VALUES
    (UPLOAD_SEQ.NEXTVAL, 'user2', '기초데이터 입니다.', '0', SYSDATE, 0, '127.0.0.0.1');
INSERT INTO UPLOAD
    (UPLOAD_NO, ID, UPLOAD_TITLE, UPLOAD_CONTENT, UPLOAD_CREATE_DATE, UPLOAD_HIT, IP)
VALUES
    (UPLOAD_SEQ.NEXTVAL, 'user3', '기초데이터 입니다.', '0', SYSDATE, 0, '127.0.0.0.1');
INSERT INTO UPLOAD
    (UPLOAD_NO, ID, UPLOAD_TITLE, UPLOAD_CONTENT, UPLOAD_CREATE_DATE, UPLOAD_HIT, IP)
VALUES
    (UPLOAD_SEQ.NEXTVAL, 'user4', '기초데이터 입니다.', '0', SYSDATE, 0, '127.0.0.0.1');
INSERT INTO UPLOAD
    (UPLOAD_NO, ID, UPLOAD_TITLE, UPLOAD_CONTENT, UPLOAD_CREATE_DATE, UPLOAD_HIT, IP)
VALUES
    (UPLOAD_SEQ.NEXTVAL, 'user1', '기초데이터 입니다.', '0', SYSDATE, 0, '127.0.0.0.1');
INSERT INTO UPLOAD
    (UPLOAD_NO, ID, UPLOAD_TITLE, UPLOAD_CONTENT, UPLOAD_CREATE_DATE, UPLOAD_HIT, IP)
VALUES
    (UPLOAD_SEQ.NEXTVAL, 'user2', '기초데이터 입니다.', '0', SYSDATE, 0, '127.0.0.0.1');
INSERT INTO UPLOAD
    (UPLOAD_NO, ID, UPLOAD_TITLE, UPLOAD_CONTENT, UPLOAD_CREATE_DATE, UPLOAD_HIT, IP)
VALUES
    (UPLOAD_SEQ.NEXTVAL, 'user3', '기초데이터 입니다.', '0', SYSDATE, 0, '127.0.0.0.1');
INSERT INTO UPLOAD
    (UPLOAD_NO, ID, UPLOAD_TITLE, UPLOAD_CONTENT, UPLOAD_CREATE_DATE, UPLOAD_HIT, IP)
VALUES
    (UPLOAD_SEQ.NEXTVAL, 'user4', '기초데이터 입니다.', '0', SYSDATE, 0, '127.0.0.0.1');
INSERT INTO UPLOAD
    (UPLOAD_NO, ID, UPLOAD_TITLE, UPLOAD_CONTENT, UPLOAD_CREATE_DATE, UPLOAD_HIT, IP)
VALUES
    (UPLOAD_SEQ.NEXTVAL, 'user1', '기초데이터 입니다.', '0', SYSDATE, 0, '127.0.0.0.1');
INSERT INTO UPLOAD
    (UPLOAD_NO, ID, UPLOAD_TITLE, UPLOAD_CONTENT, UPLOAD_CREATE_DATE, UPLOAD_HIT, IP)
VALUES
    (UPLOAD_SEQ.NEXTVAL, 'user2', '기초데이터 입니다.', '0', SYSDATE, 0, '127.0.0.0.1');
INSERT INTO UPLOAD
    (UPLOAD_NO, ID, UPLOAD_TITLE, UPLOAD_CONTENT, UPLOAD_CREATE_DATE, UPLOAD_HIT, IP)
VALUES
    (UPLOAD_SEQ.NEXTVAL, 'user3', '기초데이터 입니다.', '0', SYSDATE, 0, '127.0.0.0.1');
INSERT INTO UPLOAD
    (UPLOAD_NO, ID, UPLOAD_TITLE, UPLOAD_CONTENT, UPLOAD_CREATE_DATE, UPLOAD_HIT, IP)
VALUES
    (UPLOAD_SEQ.NEXTVAL, 'user4', '기초데이터 입니다.', '0', SYSDATE, 0, '127.0.0.0.1');
INSERT INTO UPLOAD
    (UPLOAD_NO, ID, UPLOAD_TITLE, UPLOAD_CONTENT, UPLOAD_CREATE_DATE, UPLOAD_HIT, IP)
VALUES
    (UPLOAD_SEQ.NEXTVAL, 'user1', '기초데이터 입니다.', '0', SYSDATE, 0, '127.0.0.0.1');
INSERT INTO UPLOAD
    (UPLOAD_NO, ID, UPLOAD_TITLE, UPLOAD_CONTENT, UPLOAD_CREATE_DATE, UPLOAD_HIT, IP)
VALUES
    (UPLOAD_SEQ.NEXTVAL, 'user2', '기초데이터 입니다.', '0', SYSDATE, 0, '127.0.0.0.1');
INSERT INTO UPLOAD
    (UPLOAD_NO, ID, UPLOAD_TITLE, UPLOAD_CONTENT, UPLOAD_CREATE_DATE, UPLOAD_HIT, IP)
VALUES
    (UPLOAD_SEQ.NEXTVAL, 'user3', '기초데이터 입니다.', '0', SYSDATE, 0, '127.0.0.0.1');
INSERT INTO UPLOAD
    (UPLOAD_NO, ID, UPLOAD_TITLE, UPLOAD_CONTENT, UPLOAD_CREATE_DATE, UPLOAD_HIT, IP)
VALUES
    (UPLOAD_SEQ.NEXTVAL, 'user4', '기초데이터 입니다.', '0', SYSDATE, 0, '127.0.0.0.1');
INSERT INTO UPLOAD
    (UPLOAD_NO, ID, UPLOAD_TITLE, UPLOAD_CONTENT, UPLOAD_CREATE_DATE, UPLOAD_HIT, IP)
VALUES
    (UPLOAD_SEQ.NEXTVAL, 'user1', '기초데이터 입니다.', '0', SYSDATE, 0, '127.0.0.0.1');
INSERT INTO UPLOAD
    (UPLOAD_NO, ID, UPLOAD_TITLE, UPLOAD_CONTENT, UPLOAD_CREATE_DATE, UPLOAD_HIT, IP)
VALUES
    (UPLOAD_SEQ.NEXTVAL, 'user2', '기초데이터 입니다.', '0', SYSDATE, 0, '127.0.0.0.1');
INSERT INTO UPLOAD
    (UPLOAD_NO, ID, UPLOAD_TITLE, UPLOAD_CONTENT, UPLOAD_CREATE_DATE, UPLOAD_HIT, IP)
VALUES
    (UPLOAD_SEQ.NEXTVAL, 'user3', '기초데이터 입니다.', '0', SYSDATE, 0, '127.0.0.0.1');
INSERT INTO UPLOAD
    (UPLOAD_NO, ID, UPLOAD_TITLE, UPLOAD_CONTENT, UPLOAD_CREATE_DATE, UPLOAD_HIT, IP)
VALUES
    (UPLOAD_SEQ.NEXTVAL, 'user4', '기초데이터 입니다.', '0', SYSDATE, 0, '127.0.0.0.1');
INSERT INTO UPLOAD
    (UPLOAD_NO, ID, UPLOAD_TITLE, UPLOAD_CONTENT, UPLOAD_CREATE_DATE, UPLOAD_HIT, IP)
VALUES
    (UPLOAD_SEQ.NEXTVAL, 'user1', '기초데이터 입니다.', '0', SYSDATE, 0, '127.0.0.0.1');
INSERT INTO UPLOAD
    (UPLOAD_NO, ID, UPLOAD_TITLE, UPLOAD_CONTENT, UPLOAD_CREATE_DATE, UPLOAD_HIT, IP)
VALUES
    (UPLOAD_SEQ.NEXTVAL, 'user2', '기초데이터 입니다.', '0', SYSDATE, 0, '127.0.0.0.1');
INSERT INTO UPLOAD
    (UPLOAD_NO, ID, UPLOAD_TITLE, UPLOAD_CONTENT, UPLOAD_CREATE_DATE, UPLOAD_HIT, IP)
VALUES
    (UPLOAD_SEQ.NEXTVAL, 'user3', '기초데이터 입니다.', '0', SYSDATE, 0, '127.0.0.0.1');
INSERT INTO UPLOAD
    (UPLOAD_NO, ID, UPLOAD_TITLE, UPLOAD_CONTENT, UPLOAD_CREATE_DATE, UPLOAD_HIT, IP)
VALUES
    (UPLOAD_SEQ.NEXTVAL, 'user4', '기초데이터 입니다.', '0', SYSDATE, 0, '127.0.0.0.1');
    INSERT INTO UPLOAD
    (UPLOAD_NO, ID, UPLOAD_TITLE, UPLOAD_CONTENT, UPLOAD_CREATE_DATE, UPLOAD_HIT, IP)
VALUES
    (UPLOAD_SEQ.NEXTVAL, 'user2', '기초데이터 입니다.', '0', SYSDATE, 0, '127.0.0.0.1');
INSERT INTO UPLOAD
    (UPLOAD_NO, ID, UPLOAD_TITLE, UPLOAD_CONTENT, UPLOAD_CREATE_DATE, UPLOAD_HIT, IP)
VALUES
    (UPLOAD_SEQ.NEXTVAL, 'user3', '기초데이터 입니다.', '0', SYSDATE, 0, '127.0.0.0.1');
INSERT INTO UPLOAD
    (UPLOAD_NO, ID, UPLOAD_TITLE, UPLOAD_CONTENT, UPLOAD_CREATE_DATE, UPLOAD_HIT, IP)
VALUES
    (UPLOAD_SEQ.NEXTVAL, 'user4', '기초데이터 입니다.', '0', SYSDATE, 0, '127.0.0.0.1');
    INSERT INTO UPLOAD
    (UPLOAD_NO, ID, UPLOAD_TITLE, UPLOAD_CONTENT, UPLOAD_CREATE_DATE, UPLOAD_HIT, IP)
VALUES
    (UPLOAD_SEQ.NEXTVAL, 'user2', '기초데이터 입니다.', '0', SYSDATE, 0, '127.0.0.0.1');
INSERT INTO UPLOAD
    (UPLOAD_NO, ID, UPLOAD_TITLE, UPLOAD_CONTENT, UPLOAD_CREATE_DATE, UPLOAD_HIT, IP)
VALUES
    (UPLOAD_SEQ.NEXTVAL, 'user3', '기초데이터 입니다.', '0', SYSDATE, 0, '127.0.0.0.1');
INSERT INTO UPLOAD
    (UPLOAD_NO, ID, UPLOAD_TITLE, UPLOAD_CONTENT, UPLOAD_CREATE_DATE, UPLOAD_HIT, IP)
VALUES
    (UPLOAD_SEQ.NEXTVAL, 'user4', '기초데이터 입니다.', '0', SYSDATE, 0, '127.0.0.0.1');
    INSERT INTO UPLOAD
    (UPLOAD_NO, ID, UPLOAD_TITLE, UPLOAD_CONTENT, UPLOAD_CREATE_DATE, UPLOAD_HIT, IP)
VALUES
    (UPLOAD_SEQ.NEXTVAL, 'user2', '기초데이터 입니다.', '0', SYSDATE, 0, '127.0.0.0.1');
INSERT INTO UPLOAD
    (UPLOAD_NO, ID, UPLOAD_TITLE, UPLOAD_CONTENT, UPLOAD_CREATE_DATE, UPLOAD_HIT, IP)
VALUES
    (UPLOAD_SEQ.NEXTVAL, 'user3', '기초데이터 입니다.', '0', SYSDATE, 0, '127.0.0.0.1');
INSERT INTO UPLOAD
    (UPLOAD_NO, ID, UPLOAD_TITLE, UPLOAD_CONTENT, UPLOAD_CREATE_DATE, UPLOAD_HIT, IP)
VALUES
    (UPLOAD_SEQ.NEXTVAL, 'user4', '기초데이터 입니다.', '0', SYSDATE, 0, '127.0.0.0.1');
    INSERT INTO UPLOAD
    (UPLOAD_NO, ID, UPLOAD_TITLE, UPLOAD_CONTENT, UPLOAD_CREATE_DATE, UPLOAD_HIT, IP)
VALUES
    (UPLOAD_SEQ.NEXTVAL, 'user2', '기초데이터 입니다.', '0', SYSDATE, 0, '127.0.0.0.1');
INSERT INTO UPLOAD
    (UPLOAD_NO, ID, UPLOAD_TITLE, UPLOAD_CONTENT, UPLOAD_CREATE_DATE, UPLOAD_HIT, IP)
VALUES
    (UPLOAD_SEQ.NEXTVAL, 'user3', '기초데이터 입니다.', '0', SYSDATE, 0, '127.0.0.0.1');
INSERT INTO UPLOAD
    (UPLOAD_NO, ID, UPLOAD_TITLE, UPLOAD_CONTENT, UPLOAD_CREATE_DATE, UPLOAD_HIT, IP)
VALUES
    (UPLOAD_SEQ.NEXTVAL, 'user4', '기초데이터 입니다.', '0', SYSDATE, 0, '127.0.0.0.1');
    INSERT INTO UPLOAD
    (UPLOAD_NO, ID, UPLOAD_TITLE, UPLOAD_CONTENT, UPLOAD_CREATE_DATE, UPLOAD_HIT, IP)
VALUES
    (UPLOAD_SEQ.NEXTVAL, 'user4', '기초데이터 입니다.', '0', SYSDATE, 0, '127.0.0.0.1');
    INSERT INTO UPLOAD
    (UPLOAD_NO, ID, UPLOAD_TITLE, UPLOAD_CONTENT, UPLOAD_CREATE_DATE, UPLOAD_HIT, IP)
VALUES
    (UPLOAD_SEQ.NEXTVAL, 'user2', '기초데이터 입니다.', '0', SYSDATE, 0, '127.0.0.0.1');
INSERT INTO UPLOAD
    (UPLOAD_NO, ID, UPLOAD_TITLE, UPLOAD_CONTENT, UPLOAD_CREATE_DATE, UPLOAD_HIT, IP)
VALUES
    (UPLOAD_SEQ.NEXTVAL, 'user3', '기초데이터 입니다.', '0', SYSDATE, 0, '127.0.0.0.1');
INSERT INTO UPLOAD
    (UPLOAD_NO, ID, UPLOAD_TITLE, UPLOAD_CONTENT, UPLOAD_CREATE_DATE, UPLOAD_HIT, IP)
VALUES
    (UPLOAD_SEQ.NEXTVAL, 'user4', '기초데이터 입니다.', '0', SYSDATE, 0, '127.0.0.0.1');
INSERT INTO UPLOAD
    (UPLOAD_NO, ID, UPLOAD_TITLE, UPLOAD_CONTENT, UPLOAD_CREATE_DATE, UPLOAD_HIT, IP)
VALUES
    (UPLOAD_SEQ.NEXTVAL, 'user4', '기초데이터 입니다.', '0', SYSDATE, 0, '127.0.0.0.1');
    INSERT INTO UPLOAD
    (UPLOAD_NO, ID, UPLOAD_TITLE, UPLOAD_CONTENT, UPLOAD_CREATE_DATE, UPLOAD_HIT, IP)
VALUES
    (UPLOAD_SEQ.NEXTVAL, 'user2', '기초데이터 입니다.', '0', SYSDATE, 0, '127.0.0.0.1');
INSERT INTO UPLOAD
    (UPLOAD_NO, ID, UPLOAD_TITLE, UPLOAD_CONTENT, UPLOAD_CREATE_DATE, UPLOAD_HIT, IP)
VALUES
    (UPLOAD_SEQ.NEXTVAL, 'user3', '기초데이터 입니다.', '0', SYSDATE, 0, '127.0.0.0.1');
INSERT INTO UPLOAD
    (UPLOAD_NO, ID, UPLOAD_TITLE, UPLOAD_CONTENT, UPLOAD_CREATE_DATE, UPLOAD_HIT, IP)
VALUES
    (UPLOAD_SEQ.NEXTVAL, 'user4', '기초데이터 입니다.', '0', SYSDATE, 0, '127.0.0.0.1');
INSERT INTO UPLOAD
    (UPLOAD_NO, ID, UPLOAD_TITLE, UPLOAD_CONTENT, UPLOAD_CREATE_DATE, UPLOAD_HIT, IP)
VALUES
    (UPLOAD_SEQ.NEXTVAL, 'user4', '기초데이터 입니다.', '0', SYSDATE, 0, '127.0.0.0.1');
    INSERT INTO UPLOAD
    (UPLOAD_NO, ID, UPLOAD_TITLE, UPLOAD_CONTENT, UPLOAD_CREATE_DATE, UPLOAD_HIT, IP)
VALUES
    (UPLOAD_SEQ.NEXTVAL, 'user2', '기초데이터 입니다.', '0', SYSDATE, 0, '127.0.0.0.1');
INSERT INTO UPLOAD
    (UPLOAD_NO, ID, UPLOAD_TITLE, UPLOAD_CONTENT, UPLOAD_CREATE_DATE, UPLOAD_HIT, IP)
VALUES
    (UPLOAD_SEQ.NEXTVAL, 'user3', '기초데이터 입니다.', '0', SYSDATE, 0, '127.0.0.0.1');
INSERT INTO UPLOAD
    (UPLOAD_NO, ID, UPLOAD_TITLE, UPLOAD_CONTENT, UPLOAD_CREATE_DATE, UPLOAD_HIT, IP)
VALUES
    (UPLOAD_SEQ.NEXTVAL, 'user4', '기초데이터 입니다.', '0', SYSDATE, 0, '127.0.0.0.1');
INSERT INTO UPLOAD
    (UPLOAD_NO, ID, UPLOAD_TITLE, UPLOAD_CONTENT, UPLOAD_CREATE_DATE, UPLOAD_HIT, IP)
VALUES
    (UPLOAD_SEQ.NEXTVAL, 'user4', '기초데이터 입니다.', '0', SYSDATE, 0, '127.0.0.0.1');
    INSERT INTO UPLOAD
    (UPLOAD_NO, ID, UPLOAD_TITLE, UPLOAD_CONTENT, UPLOAD_CREATE_DATE, UPLOAD_HIT, IP)
VALUES
    (UPLOAD_SEQ.NEXTVAL, 'user2', '기초데이터 입니다.', '0', SYSDATE, 0, '127.0.0.0.1');
INSERT INTO UPLOAD
    (UPLOAD_NO, ID, UPLOAD_TITLE, UPLOAD_CONTENT, UPLOAD_CREATE_DATE, UPLOAD_HIT, IP)
VALUES
    (UPLOAD_SEQ.NEXTVAL, 'user3', '기초데이터 입니다.', '0', SYSDATE, 0, '127.0.0.0.1');
INSERT INTO UPLOAD
    (UPLOAD_NO, ID, UPLOAD_TITLE, UPLOAD_CONTENT, UPLOAD_CREATE_DATE, UPLOAD_HIT, IP)
VALUES
    (UPLOAD_SEQ.NEXTVAL, 'user4', '기초데이터 입니다.', '0', SYSDATE, 0, '127.0.0.0.1');
INSERT INTO UPLOAD
    (UPLOAD_NO, ID, UPLOAD_TITLE, UPLOAD_CONTENT, UPLOAD_CREATE_DATE, UPLOAD_HIT, IP)
VALUES
    (UPLOAD_SEQ.NEXTVAL, 'user4', '기초데이터 입니다.', '0', SYSDATE, 0, '127.0.0.0.1');
    INSERT INTO UPLOAD
    (UPLOAD_NO, ID, UPLOAD_TITLE, UPLOAD_CONTENT, UPLOAD_CREATE_DATE, UPLOAD_HIT, IP)
VALUES
    (UPLOAD_SEQ.NEXTVAL, 'user2', '기초데이터 입니다.', '0', SYSDATE, 0, '127.0.0.0.1');
INSERT INTO UPLOAD
    (UPLOAD_NO, ID, UPLOAD_TITLE, UPLOAD_CONTENT, UPLOAD_CREATE_DATE, UPLOAD_HIT, IP)
VALUES
    (UPLOAD_SEQ.NEXTVAL, 'user3', '기초데이터 입니다.', '0', SYSDATE, 0, '127.0.0.0.1');
INSERT INTO UPLOAD
    (UPLOAD_NO, ID, UPLOAD_TITLE, UPLOAD_CONTENT, UPLOAD_CREATE_DATE, UPLOAD_HIT, IP)
VALUES
    (UPLOAD_SEQ.NEXTVAL, 'user4', '기초데이터 입니다.', '0', SYSDATE, 0, '127.0.0.0.1');
INSERT INTO UPLOAD
    (UPLOAD_NO, ID, UPLOAD_TITLE, UPLOAD_CONTENT, UPLOAD_CREATE_DATE, UPLOAD_HIT, IP)
VALUES
    (UPLOAD_SEQ.NEXTVAL, 'user4', '기초데이터 입니다.', '0', SYSDATE, 0, '127.0.0.0.1');
    INSERT INTO UPLOAD
    (UPLOAD_NO, ID, UPLOAD_TITLE, UPLOAD_CONTENT, UPLOAD_CREATE_DATE, UPLOAD_HIT, IP)
VALUES
    (UPLOAD_SEQ.NEXTVAL, 'user2', '기초데이터 입니다.', '0', SYSDATE, 0, '127.0.0.0.1');
INSERT INTO UPLOAD
    (UPLOAD_NO, ID, UPLOAD_TITLE, UPLOAD_CONTENT, UPLOAD_CREATE_DATE, UPLOAD_HIT, IP)
VALUES
    (UPLOAD_SEQ.NEXTVAL, 'user3', '기초데이터 입니다.', '0', SYSDATE, 0, '127.0.0.0.1');
INSERT INTO UPLOAD
    (UPLOAD_NO, ID, UPLOAD_TITLE, UPLOAD_CONTENT, UPLOAD_CREATE_DATE, UPLOAD_HIT, IP)
VALUES
    (UPLOAD_SEQ.NEXTVAL, 'user4', '기초데이터 입니다.', '0', SYSDATE, 0, '127.0.0.0.1');
INSERT INTO UPLOAD
    (UPLOAD_NO, ID, UPLOAD_TITLE, UPLOAD_CONTENT, UPLOAD_CREATE_DATE, UPLOAD_HIT, IP)
VALUES
    (UPLOAD_SEQ.NEXTVAL, 'user4', '기초데이터 입니다.', '0', SYSDATE, 0, '127.0.0.0.1');
    INSERT INTO UPLOAD
    (UPLOAD_NO, ID, UPLOAD_TITLE, UPLOAD_CONTENT, UPLOAD_CREATE_DATE, UPLOAD_HIT, IP)
VALUES
    (UPLOAD_SEQ.NEXTVAL, 'user2', '기초데이터 입니다.', '0', SYSDATE, 0, '127.0.0.0.1');
INSERT INTO UPLOAD
    (UPLOAD_NO, ID, UPLOAD_TITLE, UPLOAD_CONTENT, UPLOAD_CREATE_DATE, UPLOAD_HIT, IP)
VALUES
    (UPLOAD_SEQ.NEXTVAL, 'user3', '기초데이터 입니다.', '0', SYSDATE, 0, '127.0.0.0.1');
INSERT INTO UPLOAD
    (UPLOAD_NO, ID, UPLOAD_TITLE, UPLOAD_CONTENT, UPLOAD_CREATE_DATE, UPLOAD_HIT, IP)
VALUES
    (UPLOAD_SEQ.NEXTVAL, 'user4', '기초데이터 입니다.', '0', SYSDATE, 0, '127.0.0.0.1');
COMMIT;
 
 